origin,destination,name
91367,91325,Sierra Goods Inc.
90248,90095,Nimbus Foods Holdings
91731,98188,Quantum Goods LLC
85304,90001,Apex Brands Inc.
91342,90004,Atlas Brands Group
95340,71601,Quantum Home Group
76520,90005,Atlas Beauty Inc.
76520,44406,SEA TRADE INTERNATIONAL
18447,85012,Polar Supply LLC
90247,34602,Quantum Brands Group
91910,94401,Northstar Beverage Ltd.
85304,44406,Prime Retail Inc.
91604,41011,Prime Brands Co.
60165,90017,Prime Supply Inc.
90731,91406,Atlas Electrics Holdings
90086,90025,Summit Labs Inc.
90717,33073,Mercury Foods Co.
98188,90054,Acme Pets Inc.
90049,95965,Harbor Textiles Group
30253,90232,Orbit Home Inc.
85714,60469,Vertex Supply Co.
90036,91406,Summit Wellness LLC
48180,91722,Neon Pets Ltd.
90041,28078,Quantum Trading LLC
92120,11753,Atlas Labs Inc.
90077,46140,Acme Textiles Inc.
08065,78045,Angies Shoe Inc
91311,85714,Summit Retail Inc.
30253,90070,Neon Wellness LLC
90134,85012,Apex Foods Co.
91311,60007,Mercury Athletics LLC
91803,11207,MGI
91214,90019,Nimbus Retail Co.
37203,65201,Evergreen Apparel Ltd.
90061,90095,Bluebird Supply Holdings
90402,90732,Fusion Apparel Inc.
90291,89512,Evergreen Trading LLC
90055,90037,Vertex Trading Inc.
91344,90023,Sierra Foods LLC
90021,91311,Atlas Beverage Group
91356,90069,Evergreen Athletics LLC
80206,78717,Cobalt Logistics Inc.
92154,90083,Cobalt Beverage Co.
77054,92120,Pioneer Apparel LLC
34602,90023,Sierra Brands Holdings
90015,07086,Summit Gadgets Holdings
11753,88047,Summit Labs LLC
90041,80209,Fusion Logistics Ltd.
90095,34602,Nimbus Logistics Holdings
60173,90089,Fusion Brands Co.
90291,90079,Northstar Textiles LLC
91040,90061,Northstar Electrics LLC
91324,48917,Quantum Electrics Holdings
46140,80209,C & L Logistics
90099,90009,Sierra Brands Inc.
90082,33612,Quantum Apparel Ltd.
50111,90005,Sierra Retail LLC
28610,43210,Acme Goods Holdings
91343,90001,Quantum Gadgets Ltd.
90096,91367,Polar Brands Ltd.
91214,77379,Vertex Retail Group
92675,91608,Neon Logistics Group
78045,90620,Summit Goods Co.
91402,40209,Summit Apparel Holdings
90035,90020,Prime Beverage Inc.
89512,91436,Pioneer Electrics Ltd.
90053,90710,Acme Labs Ltd.
20794,90265,Quantum Beauty Group
90025,91357,Summit Wellness Ltd.
90077,91352,Vertex Electrics Group
60611,90069,Pioneer Home Ltd.
90732,33073,Harbor Wellness Inc.
90090,90293,Prime Wellness Holdings
12121,91342,Vertex Logistics LLC
91304,91505,Summit Apparel Group
43232,80220,57NorthPlank
90057,95965,Sierra Textiles Ltd.
91761,77379,Mercury Wellness Ltd.
85009,44406,Neon Wellness Holdings
90272,90189,Acme Supply Ltd.
90240,90036,Acme Supply Holdings
46140,90090,Pioneer Labs Co.
90049,91367,Vertex Brands LLC
90036,92337,Orbit Athletics Holdings
33782,70403,Orbit Trading Inc.
90031,90077,Northstar Trading Inc.
34602,91604,Apex Pets Group
91768,91910,Tea Land Boba
91504,90016,Northstar Gadgets Group
90049,90002,Evergreen Goods Group
08902,91331,Nimbus Brands Inc.
90042,33314,Acme Beverage Inc.
90018,46140,Atlas Athletics LLC
92337,90061,Nimbus Foods Holdings
80301,92408,Harbor Labs Holdings
91423,90087,Fusion Electrics Inc.
33023,90030,Mercury Electrics Inc.
90012,90088,Prime Logistics Group
80020,90066,Harbor Trading Group
90056,91311,Sierra Apparel Co.
90802,91356,Cobalt Wellness LLC
91306,71601,Quantum Trading Holdings
33126,41011,Sierra Home Co.
44406,90068,Summit Supply Co.
77066,45242,Prime Brands Holdings
85304,34602,Marconi Brothers
29407,77064,Nimbus Logistics Co.
94109,90041,Harbor Brands Inc.
91304,60611,Apex Outdoors Co.
90074,90091,Orbit Gadgets Group
90011,90040,Orbit Gadgets Group
34602,33020,Summit Retail LLC
90094,91768,Northstar Outdoors Inc.
60007,90501,Quantum Home Co.
91340,90093,Fusion Outdoors Co.
95965,91311,Atlas Pets Co.
90045,85714,Stc worldwide
91352,90065,Fusion Kitchen Inc.
90036,37203,Polar Beverage Holdings
91367,90024,Summit Goods Holdings
33020,60611,Polar Beverage Group
77064,90025,Pioneer Kitchen Group
85009,77086,Harbor Foods Group
33612,77064,Apex Brands Inc.
91205,07801,Bluebird Gadgets Holdings
90717,77064,Nimbus Apparel Ltd.
85042,91601,Summit Beauty LLC
10307,90046,Neon Pets Inc.
91367,75035,Atlas Gadgets LLC
43210,90050,Sierra Home Ltd.
90058,08854,Cobalt Logistics Group
90090,91371,Apex Labs Co.
43210,90501,Cobalt Outdoors Ltd.
90810,90085,Bluebird Supply LLC
33314,77054,Northstar Textiles LLC
85304,90058,Northstar Beverage Co.
90034,91402,Apex Supply LLC
90049,17011,Prime Retail Ltd.
90047,33782,Atlas Beverage Ltd.
33178,90046,Nimbus Pets LLC
28105,90063,Mercury Wellness Inc.
94010,91307,Prime Supply Holdings
77066,90065,Bluebird Kitchen Holdings
90042,90096,Neon Textiles Co.
18447,80206,Prime Retail LLC
77086,91030,Prime Foods Holdings
90069,90064,Neon Retail Co.
80301,91364,Nimbus Gadgets Group
76520,91311,Neon Foods LLC
90033,18914,Nimbus Retail Holdings
90030,90087,Apex Kitchen LLC
07086,45242,Bluebird Brands Inc.
90012,90094,Mercury Brands LLC
90046,07086,Harbor Apparel Ltd.
90048,76520,Pioneer Pets Co.
80209,43232,Mercury Brands Inc.
90059,90802,Polar Kitchen Ltd.
91206,91607,Apex Supply Holdings
90134,90272,Prime Electrics Ltd.
48180,91345,Summit Kitchen Co.
90078,90021,Bluebird Apparel LLC
90402,90074,Acme Foods Ltd.
85012,60035,Vertex Labs LLC
30340,90064,Acme Supply Group
91745,33166,Z&J Sunshine Trading LLC
60469,33178,Vertex Solutions
60611,60173,Evergreen Goods LLC
92337,90085,Vertex Apparel Co.
90024,90717,Harbor Outdoors LLC
80228,08901,Quantum Apparel Inc.
90050,91401,Harbor Electrics Inc.
48917,90050,Neon Trading Ltd.
85009,91214,Northstar Textiles Co.
91748,77066,Vertex Outdoors LLC
78045,91604,Atlas Pets Co.
33178,20024,Evergreen Brands Inc.
91343,60165,Harbor Logistics Group
77379,90040,Prime Home Ltd.
91731,90087,Bluebird Beverage Co.
90004,91761,Harbor Labs Holdings
28610,27519,Quantum Home LLC
90044,80206,Vertex Logistics LLC
91803,48917,Apex Wellness Ltd.
92120,08902,Summit Logistics Group
95965,95965,United Nations Agent Representative
90023,91605,Summit Kitchen LLC
76210,17011,Neon Wellness Co.
17057,90039,Polar Retail Inc.
90095,95965,Apex Beauty Holdings
77054,90065,Quantum Athletics Co.
28206,76210,Vertex Beauty Co.
78717,07014,Bluebird Trading Inc.
90002,91357,Apex Home Co.
80206,07086,"Altitude Logistics, Inc."
90017,90083,Polar Brands LLC
90501,33126,AMASS GLOBAL NETWORK US INC
91352,90023,Orbit Retail Co.
85304,90265,Neon Electrics Co.
90037,90096,Northstar Logistics Ltd.
20024,85042,redPen
91331,90021,Neon Kitchen Ltd.
90038,77479,Nimbus Gadgets Inc.
90065,90073,Orbit Outdoors Ltd.
85304,34602,Marconi Brothers
33166,77379,Cobalt Supply Co.
30253,46228,Cobalt Supply Inc.
90071,90402,Evergreen Textiles Ltd.
33126,18914,Summit Beauty Co.
90038,90710,Neon Outdoors Co.
85304,34602,Marconi Brothers
33166,85009,Northstar Brands Inc.
91371,91411,Fusion Athletics Inc.
45242,48917,Frankly Fulfillment LLC
90079,46140,Acme Supply Ltd.
41011,90744,Nimbus Home Inc.
30067,90046,Home and Kids Co.
91304,11753,Polar Kitchen Co.
80022,90020,Harbor Apparel Ltd.
89512,90011,Harbor Trading Holdings
90093,92120,Prime Gadgets Group
90048,90073,Apex Beauty Holdings
90001,80301,Atlas Kitchen Group
08901,94111,Orbit Apparel Inc.
30067,90731,Orbit Foods Ltd.
29407,91364,Vertex Outdoors Co.
60173,91364,Vertex Outdoors LLC
77493,27519,KTX Home
90230,77493,Northstar Beauty LLC
91364,94706,Prime Textiles Ltd.
90041,90075,Mercury Home LLC
40209,91748,Apex Labs Group
50111,91303,Sierra Home Group
90026,94706,Fusion Trading LLC
18914,91335,Pioneer Retail Inc.
18447,08854,Atlas Beverage Inc.
33612,48180,Harbor Wellness LLC
33782,91910,Northstar Kitchen Group
91371,80228,Northstar Beauty Co.
80209,91352,Summit Beverage Inc.
90037,77066,Evergreen Supply Co.
91745,94530,Orbit Outdoors Holdings
33166,91601,Orbit Beauty Inc.
90030,78045,Bluebird Goods Ltd.
43210,90058,Apex Pets Holdings
90248,90014,Polar Outdoors Group
94109,90232,Prime Foods Inc.
77054,91371,Nimbus Trading Group
91910,60165,Harbor Pets LLC
30067,90046,Home and Kids Co.
33624,90038,Summit Textiles Holdings
85012,78704,Upward Projects
91325,91316,Atlas Textiles Group
90047,90059,Polar Kitchen Holdings
33612,91345,Fusion Logistics LLC
91340,90293,Orbit Goods LLC
90065,90060,Prime Supply Inc.
08830,75035,Soul Foods India LLC
27519,90071,Acme Kitchen Co.
90230,91344,Bluebird Goods Group
91307,90056,Nimbus Textiles Ltd.
77064,91910,Harbor Pets Group
90074,91436,Sierra Outdoors Co.
90402,90057,Evergreen Pets Inc.
30253,89511,Fusion Retail Ltd.
90059,90040,Cobalt Gadgets Ltd.
90248,90084,Acme Supply Ltd.
94010,90050,Quantum Gadgets Group
91040,91303,Summit Gadgets Co.
91030,90021,Universal-BACH
90063,90088,Vertex Kitchen Holdings
28610,91342,Prime Labs Holdings
77493,91401,Northstar Beauty Group
90189,33020,Summit Supply Group
90068,90710,Summit Foods Co.
91406,77493,Sierra Textiles Holdings
90042,90064,Mercury Electrics Co.
94010,90075,Nimbus Gadgets Holdings
17057,30067,Pioneer Outdoors Holdings
11207,91411,Evergreen Goods Group
08901,90292,Fusion Beauty Co.
77379,27519,Acme Textiles Holdings
90024,43210,Apex Textiles Co.
92408,91405,Evergreen Apparel Inc.
71601,91306,Bluebird Goods Ltd.
90040,90004,Pioneer Labs Holdings
80220,29407,Altitude Logistics
90073,90265,Sierra Kitchen LLC
90037,90032,Vertex Pets Inc.
90088,90024,Apex Athletics Ltd.
90025,91607,Bluebird Foods Co.
76210,94109,Ashlilirb
91345,92120,Atlas Pets Inc.
91344,90087,Apex Outdoors LLC
90064,91030,Pioneer Supply Co.
91768,91505,Polar Goods Co.
90030,91910,Summit Apparel Holdings
91206,91605,Bluebird Home LLC
90076,91330,Cobalt Foods Co.
91745,90095,Bluebird Outdoors Inc.
08901,28610,Doersbiz.com
90070,90134,Harbor Trading Group
90002,91040,Neon Outdoors Ltd.
90031,80228,Quantum Trading LLC
29407,80228,Bluebird Kitchen LLC
91608,76520,Cobalt Labs Group
94111,90074,Vertex Outdoors Co.
91602,90082,Prime Goods Inc.
90065,77379,Prime Goods Group
90003,90081,Harbor Outdoors Ltd.
91316,90084,Evergreen Kitchen Inc.
90081,91436,Neon Beverage Co.
90078,90290,Summit Logistics Ltd.
90025,33020,Harbor Gadgets Ltd.
92675,90010,Fusion Retail Group
10307,33020,LYMERTIN COMPANY INC
91311,28206,Summit Outdoors Ltd.
90067,90026,Harbor Outdoors Holdings
91303,90038,Northstar Outdoors Group
90069,90731,Sierra Beauty Group
11753,33314,BN FL LLC
91304,91601,Apex Beverage Group
34602,90078,Neon Home Ltd.
90070,91910,Nimbus Kitchen Ltd.
07801,07014,Polar Pets Co.
90013,08065,Quantum Gadgets LLC
91722,94010,"California Spice Basket, Inc."
90717,28078,Acme Outdoors Group
90210,90006,Mercury Textiles Group
77054,90009,Harbor Athletics Inc.
91411,90046,Prime Home LLC
08901,28610,Doers LLC
91306,90034,Vertex Logistics Inc.
30067,90028,Neon Kitchen Ltd.
90744,91411,Apex Retail Group
90086,91311,Sierra Beauty Inc.
90058,90023,Evergreen Labs Co.
90034,90035,Acme Beverage Co.
90087,90078,Neon Home LLC
90810,90048,Northstar Brands LLC
91505,17057,Evergreen Beauty LLC
80301,90053,Northstar Athletics Holdings
29407,90044,Sierra Apparel Inc.
90031,90054,Cobalt Supply Holdings
90732,90020,Orbit Home Group
91761,30340,Takari International Inc
91606,33166,Fusion Athletics LLC
90024,90086,Pioneer Beverage Co.
91761,37203,Mercury Trading Holdings
90026,94530,Polar Kitchen Inc.
85009,90717,Acme Apparel Holdings
33023,91604,Orbit Supply LLC
07086,90080,Pioneer Apparel Inc.
91748,07014,Apex Outdoors Ltd.
17057,33612,Mercury Wellness Ltd.
43232,91364,Summit Retail Ltd.
33023,07086,Neon Outdoors Ltd.
91356,90230,Prime Labs Group
91608,91761,Prime Logistics Co.
90046,90006,Sierra Labs Co.
46140,90058,Neon Gadgets Co.
90047,90058,Quantum Pets Ltd.
44406,90732,Fusion Brands Holdings
91761,30340,Takari International Inc
60007,90065,Harbor Logistics LLC
90001,90240,Acme Supply Ltd.
89511,90086,Acme Gadgets Inc.
50111,90070,Neon Brands Co.
94401,90038,Nimbus Logistics LLC
90140,30253,Nimbus Beverage Holdings
43210,76520,Polar Logistics Co.
90002,90232,Bluebird Outdoors Co.
92337,78045,Polar Gadgets Inc.
90030,07014,Acme Trading Inc.
33612,80203,Summit Athletics Inc.
90061,29407,Bluebird Retail Ltd.
33178,90035,Vertex Goods Co.
33166,91401,Sierra Supply LLC
65201,77064,Galide LLC
90232,90068,Armands Discount
90292,10307,Polar Electrics LLC
90045,90062,Atlas Textiles Co.
80301,90210,Atlas Beverage Group
77064,37203,Summit Athletics Holdings
85304,90272,Cobalt Gadgets LLC
91436,43210,Quantum Foods Holdings
90022,90058,Quantum Pets LLC
85714,90030,Harbor Retail Co.
90063,91401,Nimbus Textiles LLC
90095,91608,Pioneer Electrics Ltd.
90085,90134,Bluebird Brands Co.
91504,91423,Prime Brands Holdings
91303,60649,Bluebird Home Ltd.
90016,90054,Mercury Apparel Co.
90093,89512,Acme Wellness Co.
90034,90029,Sierra Trading LLC
90069,94530,Polar Trading Co.
08065,80228,Neon Brands LLC
28105,50111,Express Logistics
90039,90088,Fusion Goods Ltd.
78045,90006,Nimbus Kitchen Group
33178,90046,Mercury Retail Holdings
48917,98188,Mercury Goods Ltd.
90140,90031,Mercury Pets Inc.
33023,90036,Orbit Pets Ltd.
08901,90802,Sierra Supply Holdings
91344,07801,Neon Trading LLC
90140,94706,Bluebird Pets Holdings
91605,90018,Northstar Wellness Co.
91367,91340,Pioneer Electrics Holdings
90034,91401,Harbor Goods Co.
90082,45242,Polar Electrics Inc.
92337,91030,Apex Retail Group
91042,90056,Prime Beauty Ltd.
92337,91601,Harbor Home Co.
91205,91331,Northstar Brands Co.
90025,29407,Summit Pets Co.
20024,90059,Sierra Beauty Inc.
80203,90057,Atlas Beauty LLC
90022,91206,Harbor Supply Ltd.
91326,90083,Summit Logistics LLC
60611,34602,Sierra Textiles Holdings
80220,91324,Vertex Kitchen Ltd.
60173,94111,Apex Trading Ltd.
90015,90025,Nimbus Athletics Inc.
90040,91352,Fusion Retail Ltd.
76120,90034,Apex Athletics Ltd.
91345,90059,Evergreen Textiles Ltd.
91214,80301,Sierra Athletics Co.
90054,43232,Summit Brands Ltd.
91352,90001,Neon Gadgets LLC
90031,90010,Vertex Trading Ltd.
90710,90501,Quantum Retail LLC
90026,90012,Sierra Electrics Group
08065,78045,Angie’s shoes
85714,90070,Vertex Apparel Holdings
85304,33023,Nimbus Labs Inc.
90037,90048,Pioneer Retail LLC
90402,91402,Atlas Brands Inc.
91731,91206,Vertex Athletics LLC
30253,12121,Apex Electrics Inc.
28078,11803,Coka Specialty Products
34602,90094,Cobalt Textiles Ltd.
90093,90035,Northstar Labs Holdings
91330,33073,Apex Foods Inc.
11753,92408,Fusion Brands Co.
91371,76520,Bluebird Wellness Inc.
91342,90003,Sierra Wellness Inc.
91206,43210,Harbor Labs Group
90230,91040,Nimbus Trading Ltd.
91030,90047,Quantum Home Group
90046,90023,Prime Labs Co.
90085,91722,Vertex Beauty Co.
90046,91606,Nimbus Beverage Ltd.
90717,90063,Mercury Beverage Group
18447,90037,Polar Home Group
92337,90802,Harbor Retail Holdings
90055,80022,Mercury Retail Inc.
90029,17057,Nimbus Logistics Co.
92120,78045,Apex Retail Ltd.
43232,27519,Mercury Goods LLC
90044,90402,Cobalt Beauty LLC
80020,91214,Nimbus Gadgets Co.
34602,30340,Prime Wellness Inc.
90008,90071,Cobalt Outdoors Ltd.
91335,90230,Quantum Retail Group
92675,92154,Audio Gate
33126,94010,Northstar Beverage Co.
90501,92675,Atlas Home Co.
08854,90024,Quantum Wellness Ltd.
80203,90042,Harbor Foods Holdings
91352,33178,Neon Athletics Holdings
90210,76520,Pioneer Gadgets Inc.
77086,91401,Neon Trading Holdings
90054,80301,Evergreen Pets Ltd.
91405,90081,Mercury Textiles Ltd.
90054,90248,Northstar Gadgets Co.
90087,80228,Quantum Trading Inc.
76520,91604,Bluebird Beverage Inc.
28078,11803,Coka Specialty Products
91722,90248,Apex Apparel Group
11753,90023,Polar Wellness Group
11803,90732,Fusion Gadgets LLC
90002,90016,Neon Apparel Ltd.
43232,91731,Sierra Goods Ltd.
90053,11753,Polar Pets Group
88047,78045,Acme Textiles Group
95340,77054,Neon Athletics Holdings
30340,90019,Fusion Wellness Holdings
07086,28105,Summit Labs Ltd.
18447,94111,Orbit Textiles Holdings
98188,94111,Nimbus Athletics Group
90078,90062,Mercury Labs Group
89511,91411,Orbit Home Co.
90293,30340,Harbor Apparel Ltd.
90051,80022,Cobalt Goods LLC
90072,91608,Atlas Brands Inc.
90029,77066,Prime Logistics Co.
90016,90012,Pioneer Gadgets LLC
90030,90042,Vertex Kitchen Group
41011,91342,Evergreen Labs Inc.
90265,90240,Cobalt Logistics Ltd.
08854,91206,Nimbus Foods Co.
46140,90084,Vertex Gadgets Ltd.
60611,90004,Acme Logistics Inc.
90140,91504,Atlas Electrics Co.
90087,90044,Apex Home Group
91748,77066,Northstar Textiles Holdings
90265,80022,Atlas Goods Inc.
80020,90051,Mercury Logistics Group
77066,37203,Bimini Hydrotherapy
90076,80022,Harbor Foods Group
90230,33020,Vertex Wellness LLC
92675,92154,Audio Gate
91326,90028,Pioneer Kitchen LLC
33073,37203,Zafill Distribution
28610,90056,Cobalt Goods Co.
91304,90024,Summit Logistics Group
33126,90076,Northstar Electrics Ltd.
91505,20024,Orbit Beauty LLC
08902,91367,Summit Pets Group
20794,08830,Cobalt Labs Group
33612,77064,Prime Labs Group
88047,90140,Bluebird Retail Ltd.
91607,90802,Pioneer Outdoors Co.
11753,23232,Fusion Beverage Co.
94706,91601,Prime Brands Ltd.
91722,85304,Bluebird Home Group
90293,08065,Harbor Labs Inc.
91740,85714,Orbit Supply Ltd.
18447,90099,Neon Pets Holdings
91605,77049,Apex Beauty Group
94530,90083,Fusion Supply LLC
91367,45242,Apex Pets Co.
91316,90061,Northstar Kitchen Ltd.
80206,48917,Northstar Supply Ltd.
41011,34602,Northstar Wellness Inc.
91206,90064,Sierra Trading Co.
92408,91748,Harbor Athletics Ltd.
90055,77086,Vertex Athletics Co.
90087,90005,Atlas Athletics Ltd.
90043,33782,Quantum Labs Ltd.
91342,90290,Bluebird Retail Inc.
44406,94530,Atlas Athletics Ltd.
94401,33624,Treadmill Outlet
90017,90732,Sierra Apparel Co.
30067,90046,Fusion Trading Inc.
90049,91330,Harbor Beverage Co.
90134,94530,Evergreen Pets Ltd.
90010,90005,Pioneer Trading Ltd.
90039,33073,Cobalt Trading LLC
90081,90067,Quantum Electrics Ltd.
90710,90031,Fusion Outdoors Holdings
90710,34602,Fusion Foods Co.
80209,80301,Summit Brands LLC
91607,90025,Acme Foods Holdings
40209,23232,Evergreen Beverage Inc.
60035,77479,Consultant
91331,95340,Orbit Apparel LLC
90011,90087,Neon Labs LLC
90088,90093,Cobalt Beauty LLC
91343,28105,Northstar Electrics Co.
46140,29407,Fusion Brands Co.
43232,80220,57NorthPlank
90099,33314,Neon Labs Inc.
92408,90096,Orbit Athletics LLC
90081,20024,Neon Electrics Ltd.
80301,90039,Nimbus Beverage LLC
90042,91423,Sierra Gadgets Inc.
77479,94706,Mercury Foods Ltd.
46140,90189,Evergreen Brands Group
77049,90036,Bluebird Home Group
90240,90095,Nimbus Home Inc.
08065,91745,Acme Trading LLC
91340,91040,Mercury Outdoors Co.
90035,90501,Northstar Foods LLC
90068,90094,Polar Home Group
20794,90003,Harbor Foods Inc.
60611,90004,Quantum Kitchen Co.
90096,28206,Evergreen Goods LLC
90062,33782,Orbit Home LLC
90064,91307,Acme Retail Co.
90050,90084,Northstar Athletics Inc.
90086,20024,Neon Trading Ltd.
91345,44406,Quantum Outdoors Co.
90062,91367,Vertex Electrics LLC
91401,90019,Bluebird Trading Co.
08901,80228,Atlas Textiles Ltd.
90064,33314,Orbit Gadgets Group
90048,33020,Nimbus Brands Co.
91345,80209,Sierra Textiles Group
91748,71601,Z and J Trading Sunshine LLC
90023,92120,Apex Athletics LLC
27519,91316,Harbor Wellness Holdings
90066,80022,Summit Goods Holdings
91352,90079,Nimbus Pets LLC
77049,46228,Fusion Outdoors Group
60173,88047,Pioneer Logistics Ltd.
80220,48180,Altitude Logistics
90027,48917,Northstar Wellness Co.
90731,90054,Bluebird Goods Co.
90710,90040,Nimbus Pets LLC
65201,90043,Nimbus Apparel Holdings
91325,90072,Pioneer Brands Co.
91356,90081,Northstar Beauty Co.
90058,78717,Crystal Wholesale Inc
80022,90077,Fusion Trading Inc.
85714,65201,Mercury Wellness Co.
90037,91745,Evergreen Brands LLC
91040,80228,Cobalt Trading Group
33782,60007,Summit Outdoors Group
90502,90022,Vertex Labs LLC
90029,90059,Apex Apparel Holdings
91740,33314,Evergreen Textiles Co.
91505,91606,Pioneer Brands LLC
80209,91340,Fusion Trading Ltd.
91324,90731,Bluebird Pets LLC
12121,90036,Fusion Beauty Holdings
90075,90076,Sierra Logistics Inc.
30067,90710,Quantum Labs Ltd.
90055,77054,Orbit Logistics Inc.
90090,90140,Cobalt Logistics LLC
34602,90067,Harbor Logistics Co.
08902,80020,PaleoLeb
80206,45242,Vertex Brands Group
90802,08854,Sierra Textiles Ltd.
95340,91423,Neon Brands Ltd.
08901,43232,Harbor Foods Holdings
90089,90731,Neon Beauty Inc.
90077,90003,Northstar Kitchen LLC
90076,95965,Summit Gadgets Inc.
91601,91411,Mercury Goods Inc.
90050,80209,Quantum Outdoors LLC
91601,80203,Polar Brands Holdings
90043,60007,Sierra Beverage LLC
78704,90094,Vertex Supply Co.
08065,78045,Angie’s shoes
90232,90068,Armands Discount
91306,91214,Harbor Wellness Holdings
90710,80209,Prime Wellness Ltd.
40209,90073,Apex Pets Co.
90049,76210,Summit Supply Group
90232,90291,Harbor Foods LLC
33023,90095,Harbor Wellness Inc.
48180,90065,Northstar Brands Co.
90026,90032,Quantum Labs Ltd.
90008,91364,Sierra Retail LLC
46228,43210,mparham llc
80228,90058,Sierra Pets Holdings
90047,91406,Mercury Outdoors Inc.
91748,91206,Harbor Apparel Co.
90096,90019,Atlas Logistics Holdings
89512,30340,Mercury Gadgets LLC
91214,90074,Harbor Pets Inc.
91745,90240,Z and J Trading Sunshine LLC
90006,33624,Pioneer Gadgets Inc.
80228,92408,Pioneer Wellness Inc.
33166,91342,Atlas Kitchen Holdings
90096,91731,Pioneer Beauty Inc.
46140,90033,Northstar Home Group
80203,91731,Sierra Foods Group
90087,90402,Summit Textiles LLC
90053,78704,Acme Gadgets Inc.
90232,90080,Polar Labs Holdings
90009,33612,Evergreen Beverage Group
80228,48180,Altitude Logistics
08901,90009,Mercury Logistics Ltd.
77066,90062,Nimbus Brands Group
90210,85009,Polar Supply Ltd.
90062,85009,Pioneer Apparel LLC
77086,07801,LA VAPOR WHOLESALE INC
90070,90048,Cobalt Athletics LLC
91364,50111,Acme Foods Ltd.
92675,90012,Pioneer Outdoors Ltd.
90293,90019,Quantum Kitchen LLC
90053,33020,Quantum Beverage Group
33023,91304,Cobalt Trading Ltd.
90033,90043,Sierra Textiles Co.
90802,33178,Runners LLC
90036,28610,Northstar Goods Holdings
07086,90502,Acme Beauty Group
90011,91316,Bluebird Outdoors Inc.
90061,20024,Mercury Kitchen Ltd.
90062,07014,Orbit Outdoors Inc.
90717,91357,Mercury Foods Co.
90717,90050,Prime Trading Inc.
90071,91357,Acme Wellness Group
91304,90008,Orbit Foods Co.
91505,90023,Apex Logistics Group
94530,91401,Prime Apparel Co.
37203,91331,Prime Electrics Holdings
94706,94530,Bevmo
48180,08901,Sierra Foods Co.
90043,91768,Harbor Logistics Inc.
90620,91331,Harbor Trading LLC
91364,70403,Polar Home Group
90068,07086,Harbor Athletics Ltd.
90056,90037,Quantum Gadgets Holdings
90058,90140,Cobalt Kitchen LLC
65201,90028,Evergreen Outdoors Group
30067,85714,Cobalt Textiles Holdings
91311,90051,Bluebird Foods Ltd.
33612,90210,Pioneer Gadgets Ltd.
90060,18447,Prime Outdoors Group
95340,85304,Sierra Foods Group
91357,90016,Prime Beverage Holdings
95965,95965,United Nations Agent Representative
33178,94401,Neon Logistics Group
91761,90057,Prime Brands Co.
90058,90036,Evergreen Beverage Ltd.
95965,77064,Quantum Outdoors Holdings
33166,91357,Harbor Retail Holdings
60469,90802,Sierra Kitchen Co.
40209,90004,Cobalt Outdoors Inc.
90080,90058,Northstar Outdoors Group
90003,90265,Pioneer Brands Holdings
90026,85009,Vertex Home LLC
78704,20024,Fusion Textiles LLC
90028,91504,Bluebird Textiles LLC
23232,90012,Summit Athletics LLC
90248,91722,Mercury Supply LLC
91324,91423,Quantum Athletics Ltd.
30253,91436,Acme Electrics Inc.
90059,90019,Vertex Beverage LLC
91345,90004,Orbit Goods LLC
91406,90064,Cobalt Foods LLC
90062,90081,Atlas Goods LLC
90077,91602,Vertex Supply Group
91324,90058,Acme Beauty Inc.
91304,90077,Nimbus Supply Co.
90013,91367,Cobalt Home Co.
90717,90731,Harbor Kitchen Holdings
91357,90088,Vertex Athletics LLC
91740,90040,Nimbus Logistics Ltd.
33314,90033,Pioneer Textiles Ltd.
90023,76210,Polar Goods LLC
45242,77054,Neon Gadgets Ltd.
91344,90091,Cobalt Apparel Co.
33166,91601,Bluebird Home LLC
90034,70403,Prime Textiles Holdings
90022,90004,Northstar Electrics Inc.
90074,08854,Polar Outdoors Holdings
91357,91343,Evergreen Goods Co.
94109,90009,Bluebird Kitchen Inc.
90051,90093,Harbor Goods Inc.
90087,91761,Neon Retail Co.
91748,80022,soonest express
90038,90015,Atlas Electrics Co.
91316,91040,Bluebird Apparel Group
91311,85009,Harbor Wellness LLC
90232,91356,Pioneer Kitchen Holdings
88047,91402,Quantum Athletics Ltd.
90099,90013,Cobalt Beauty Inc.
92675,90090,Summit Logistics LLC
78717,80020,Cobalt Outdoors Holdings
60611,60469,Nimbus Home Group
90021,41011,Acme Brands Ltd.
90087,91608,Atlas Trading Group
90057,91607,Northstar Kitchen Ltd.
85012,90265,Neon Electrics Inc.
92337,90038,Apex Apparel Group
90065,91326,Fusion Electrics LLC
90047,90080,Apex Gadgets Ltd.
77049,77054,Flexirocks
90402,90036,Nimbus Apparel Group
88047,60173,Gagucho Automation Inc
12121,76210,Vertex Pets Co.
91042,90744,Vertex Gadgets Group
91601,92120,Mercury Foods Inc.
91030,33178,Harbor Foods Co.
12121,43210,Orbit Textiles Ltd.
90134,91331,Summit Retail LLC
91748,90710,Nimbus Goods LLC
91371,91748,Neon Logistics Co.
90290,48917,Polar Foods Group
91731,11753,Northstar Pets Inc.
90093,76520,Mercury Trading Inc.
91342,91406,Polar Apparel Holdings
17057,90053,Sierra Outdoors Holdings
90093,90095,Prime Retail Holdings
90010,10307,Quantum Foods Holdings
33782,60165,Arctic Supplies
91352,91324,Summit Home Holdings
90502,33782,Polar Retail Ltd.
80022,90048,Evergreen Foods Co.
90062,91357,Northstar Logistics LLC
90013,90025,Mercury Foods LLC
91748,77064,Pioneer Pets Co.
28078,07801,Orbit Brands LLC
90038,80022,Sierra Supply LLC
90072,08901,Mercury Apparel Co.
33314,91311,Atlas Pets Ltd.
90033,80209,Prime Gadgets Group
88047,91745,Northstar Gadgets Ltd.
90053,80020,Nimbus Trading Ltd.
92337,90041,Atlas Supply LLC
90291,90018,Atlas Apparel Group
85714,90004,Orbit Home Co.
76210,94111,Ashlili
12121,90049,Fusion Outdoors Co.
07801,92408,Cobalt Foods LLC
90082,91325,Apex Electrics LLC
37203,88047,Bluebird Home Holdings
90032,85012,Mercury Beverage Inc.
98188,33624,Fusion Supply Holdings
07014,60611,The Fruitful Grind
76120,90034,Peter
91803,90055,Prime Kitchen Holdings
28105,07801,Acme Kitchen LLC
90051,17011,Sierra Beverage Holdings
90099,33178,Nimbus Gadgets Co.
91910,90292,Orbit Wellness Ltd.
91604,92408,Fusion Logistics Holdings
92408,77049,Polar Retail Group
80301,78045,Vertex Brands Ltd.
90086,90210,Prime Apparel Holdings
90030,33126,Evergreen Gadgets Inc.
90087,90055,Summit Logistics Group
91357,85714,Pioneer Retail LLC
11803,17057,Fusion Kitchen Holdings
43210,17011,Bluebird Foods Co.
90011,98188,Acme Retail Group
77066,90013,Sierra Supply Co.
11207,80020,Polar Home Co.
08065,91364,Bluebird Outdoors Group
91307,65201,Quantum Brands Inc.
90006,91406,Polar Apparel Holdings
91423,91731,Neon Wellness Co.
33073,85714,Prime Brands Ltd.
90012,90091,Orbit Electrics Group
08065,91040,Bluebird Foods LLC
91324,91357,Polar Athletics Ltd.
90031,90292,Summit Logistics LLC
90057,48180,Mercury Labs Ltd.
91326,91042,Mercury Supply Group
98188,91607,Neon Brands Ltd.
90002,90046,Cobalt Athletics Inc.
90402,90035,Northstar Foods Inc.
91403,90501,Northstar Pets LLC
46140,90033,Atlas Beverage Ltd.
85304,90073,Evergreen Trading Co.
91722,85012,Summit Beauty Inc.
07086,90030,Harbor Beauty Inc.
12121,90210,Acme Electrics Holdings
91205,90024,Acme Beverage Co.
11803,90048,Cobalt Pets Inc.
94401,33624,Treadmill Outlet
91342,90033,Mercury Logistics Holdings
90620,90074,Vertex Electrics Inc.
90079,90021,Mercury Foods LLC
80220,70403,Altitude Logistics
90065,91340,Evergreen Supply Ltd.
90040,90003,Harbor Beauty Group
60007,92408,ACI
20794,33612,"CCL, USA"
90290,94111,Quantum Apparel Co.
34602,91304,Harbor Textiles Holdings
70604,90039,Sierra Outdoors Holdings
60611,90010,Acme Electrics Ltd.
90062,90028,Orbit Labs Holdings
91722,90189,Orbit Beauty Co.
91768,91910,Tea Land Boba Factory Inc
75035,91214,Polar Home Ltd.
80209,91748,Summit Beverage Inc.
90732,90744,Harbor Textiles Inc.
91745,85714,Atlas Electrics Co.
12121,80203,Acme Brands Group
92337,70604,Elogistek LLC
91206,85009,Vertex Athletics Ltd.
90048,90025,Quantum Textiles Inc.
90050,91606,Apex Retail Group
77493,90291,Evergreen Trading Holdings
90027,92154,Evergreen Goods LLC
90088,90041,Pioneer Textiles Group
90032,12121,Cobalt Brands Ltd.
28206,77049,Vertex Athletics Co.
91205,85714,Quantum Apparel Holdings
94010,60165,Apex Foods Co.
46228,90073,Pioneer Kitchen Inc.
90020,90075,Prime Foods Holdings
90501,90003,Atlas Electrics LLC
33624,08902,Summit Trading Ltd.
08902,80020,PaleoLeb
91214,90043,Apex Foods LLC
91504,91040,Sierra Pets LLC
91606,07014,Orbit Trading Co.
90230,76210,Polar Supply Ltd.
91364,90019,Northstar Brands LLC
43210,88047,Neon Supply Ltd.
40209,85009,AZ Premier Event Solutions LLC
29407,18914,Cobalt Athletics Inc.
90272,90096,Nimbus Beauty Holdings
77049,91206,Northstar Gadgets Ltd.
95965,18447,Northstar Logistics Inc.
90248,80220,Harbor Supply LLC
90024,90052,Pioneer Apparel Holdings
33624,90047,Sierra Retail Inc.
90099,90088,Bluebird Beverage Inc.
90058,94530,Quantum Wellness Group
33023,91761,Northstar Goods Ltd.
94706,94530,Bevmo
90272,33126,Bluebird Pets Co.
12121,23232,Testing Company
91324,80206,Harbor Outdoors Inc.
90075,85009,Vertex Logistics Holdings
07801,90140,Apex Goods Holdings
80228,90079,Quantum Goods LLC
91722,08901,Evergreen Labs Holdings
78704,92337,Pioneer Supply Ltd.
41011,90073,Northstar Goods Group
90034,91371,Bluebird Labs Inc.
90002,76520,Neon Wellness Group
90060,33624,Fusion Outdoors Holdings
30067,90710,Sierra Kitchen Group
90035,91356,Summit Home Co.
48180,90044,Northstar Beverage LLC
17011,17057,UCAN
92337,90013,Cobalt Foods Group
91602,90015,Cobalt Pets LLC
90093,90076,Orbit Labs LLC
90732,90064,Harbor Supply Group
23232,10307,Summit Gadgets Group
91304,70604,Polar Beverage Holdings
76120,90011,Vertex Electrics Ltd.
91403,33314,Bluebird Apparel Holdings
92120,90001,Harbor Outdoors Co.
28610,92154,Orbit Home LLC
11753,90067,Vertex Supply Group
90094,43210,Pioneer Trading LLC
90010,90016,Acme Textiles Inc.
78717,90083,Quantum Goods Inc.
91761,33023,Takari International
91316,10307,Bluebird Gadgets Co.
90037,90056,Pioneer Kitchen Ltd.
90075,90620,Mercury Goods Holdings
90062,90059,Harbor Supply Ltd.
60469,10307,Evergreen Foods Holdings
20794,90017,Vertex Beverage Holdings
90072,90230,Acme Brands Group
91325,94401,Prime Gadgets Co.
90068,90093,Apex Outdoors LLC
91740,90069,Atlas Beauty Inc.
91345,11803,Acme Beverage Ltd.
91303,90022,Northstar Textiles Holdings
90013,85714,Quantum Outdoors Group
71601,90026,Evergreen Beauty Ltd.
90014,33178,Fusion Gadgets Holdings
90065,90717,Northstar Logistics Holdings
90061,70604,Atlas Brands Co.
76210,60007,Mercury Apparel Group
07801,91768,Quantum Trading Group
90232,90731,Prime Beverage Holdings
43210,90029,Harbor Pets Holdings
60007,90029,Acme Beauty LLC
90091,08854,Mercury Logistics Inc.
08830,90015,Nimbus Labs Holdings
90082,94530,Orbit Beauty LLC
90099,91403,Bluebird Electrics Co.
90620,90060,Northstar Kitchen LLC
91303,91607,Vertex Outdoors Group
92675,90402,Summit Athletics LLC
90089,91040,Atlas Logistics LLC
46228,90036,Summit Brands Ltd.
90293,90075,Pioneer Home Co.
90065,33020,Northstar Athletics Inc.
85012,90293,Vertex Beauty Ltd.
91306,28206,Bluebird Apparel Holdings
33624,90083,Nimbus Home Holdings
90032,33023,Harbor Electrics LLC
33178,91352,Polar Retail LLC
90066,11803,Neon Beauty Group
91604,60035,Bluebird Textiles LLC
91505,90009,Bluebird Outdoors Co.
27519,90085,Mercury Logistics LLC
90009,12121,Orbit Retail LLC
33166,92120,Neon Outdoors Group
90082,78704,Atlas Outdoors Group
28105,94010,Quantum Foods LLC
90068,29407,Mercury Outdoors LLC
90232,90035,Pioneer Pets LLC
90502,91768,Orbit Goods LLC
46228,92337,Orbit Pets Co.
90079,91214,Orbit Kitchen Holdings
90084,29407,Northstar Home Inc.
90072,90004,Mercury Logistics Ltd.
90030,91316,Harbor Kitchen Holdings
76120,90034,Eco Duna
60649,91352,Valley Auto Parts & Engines
91205,91745,Cobalt Goods Holdings
90038,91303,Acme Brands Holdings
90064,90016,Summit Beverage Co.
91343,92154,Bluebird Retail LLC
94401,80203,Acme Trading Co.
77054,90051,Mercury Outdoors Group
88047,60173,Gagucho Automation inc
91722,75035,Nimbus Retail Co.
08830,90080,Pioneer Retail LLC
90050,90010,Cobalt Beverage Group
91030,90023,Atlas Brands Co.
90402,33782,Pioneer Electrics Group
91761,91605,Bluebird Goods Holdings
90030,90070,Vertex Wellness LLC
77066,90247,Atlas Logistics Ltd.
90051,95340,Mercury Logistics Inc.
90040,90078,Harbor Pets Co.
90265,91367,Bluebird Wellness Holdings
77379,11803,Pioneer Electrics Group
90210,90291,Pioneer Brands Holdings
91608,91306,Prime Wellness Holdings
85714,77379,Evergreen Wellness Ltd.
91745,33166,Z and J Trading Sunshine LLC
43210,17057,Apex Beauty Inc.
90025,90026,Vertex Labs Group
90032,88047,Summit Goods Co.
90717,33126,Neon Athletics Group
90033,77064,Summit Athletics Ltd.
91030,91205,Mercury Apparel Inc.
91303,90620,Neon Trading Inc.
90077,80209,Polar Goods Holdings
91324,90040,Apex Electrics LLC
28105,90055,Summit Beverage Holdings
90050,90081,Acme Goods LLC
91411,90093,Sierra Supply Inc.
90026,94401,Mercury Outdoors LLC
46140,90710,Polar Foods Group
91740,90093,Harbor Labs Group
90265,11803,Mercury Beverage LLC
91326,91406,Northstar Foods LLC
78717,46140,Evergreen Beverage Co.
07086,91607,Harbor Home Holdings
40209,90001,Polar Home Ltd.
11207,28078,Bluebird Logistics Holdings
90088,85012,Prime Kitchen Ltd.
76120,30067,Bluebird Logistics Inc.
60035,60165,Pioneer Athletics LLC
44406,91324,Cobalt Supply Group
90012,48917,Evergreen Wellness LLC
11803,90036,Neon Goods Co.
90744,33073,Evergreen Supply LLC
85304,90021,Pioneer Brands Ltd.
90035,90021,Pioneer Logistics Inc.
91344,90053,Nimbus Textiles Group
90011,91402,Quantum Gadgets Inc.
90084,90717,Atlas Supply Holdings
91722,90059,Neon Textiles Inc.
90052,90020,Polar Beverage LLC
48917,33073,Summit Wellness LLC
90043,77479,Summit Logistics Co.
08854,91402,Harbor Apparel Holdings
91342,33612,Harbor Pets Ltd.
91303,91504,Pioneer Beauty LLC
40209,91411,Orbit Labs Inc.
80022,90011,Polar Wellness Ltd.
91910,10307,Fusion Gadgets Holdings
91357,90053,Northstar Trading Holdings
90070,90088,Bluebird Logistics Holdings
90038,90717,Summit Outdoors Inc.
90034,90056,Northstar Pets LLC
90022,17011,Mercury Foods LLC
77086,90094,Polar Gadgets Group
94401,92408,Orbit Gadgets Co.
91371,91745,Summit Labs Group
90038,90086,Northstar Pets LLC
28610,60165,Northstar Beauty Ltd.
80020,89511,Atlas Trading LLC
90031,94530,Fusion Kitchen Ltd.
90744,91606,Cobalt Wellness Inc.
91731,29407,Orbit Labs Holdings
45242,20794,Evergreen Beverage Holdings
90710,90731,Northstar Kitchen Co.
90045,89511,Nimbus Logistics LLC
91042,08854,Harbor Supply Group
60469,07801,Sierra Beauty Ltd.
77054,94530,Harbor Beauty Inc.
90075,92337,Nimbus Logistics LLC
90014,90402,Summit Foods Group
50111,90501,Acme Goods Group
90004,90265,Bluebird Foods LLC
94706,94530,Bevmo
91330,90058,Evergreen Electrics Holdings
50111,91206,Prime Retail Holdings
92408,90140,Orbit Outdoors Holdings
90084,17011,Northstar Beauty Group
90055,60611,Apex Kitchen Holdings
80203,90065,Bluebird Foods Holdings
90075,77479,Harbor Beverage Group
91608,91205,Quantum Outdoors Inc.
50111,41011,Cobalt Foods Holdings
80203,98188,"Altitude Logistics, Inc."
90078,92408,Nimbus Kitchen Holdings
91042,90272,Quantum Beverage Group
90005,90026,Evergreen Gadgets LLC
80020,90001,Acme Beauty Inc.
90056,90502,Northstar Logistics Co.
18914,18447,"Dreamiful, LLC"
90068,90032,Vertex Textiles Inc.
76120,78704,Vertex Retail Group
90042,91740,Prime Logistics Inc.
33073,91214,Harbor Textiles Co.
08830,90802,Fusion Athletics Co.
08830,75035,Soul Foods India LLC
91608,90061,Harbor Goods Holdings
28610,90021,Pioneer Athletics Co.
90016,90072,Neon Trading Group
91910,33073,Bluebird Beverage Inc.
90050,77049,Polar Pets Group
18914,28610,Harbor Beauty Co.
90051,90033,Orbit Outdoors Inc.
90011,77379,Vertex Foods Group
90072,91326,Quantum Labs Ltd.
90043,90069,Polar Supply Group
95340,91352,Valley auto Parts and Engines
90040,90035,Northstar Supply Co.
90060,90073,Harbor Pets Co.
85042,77064,Bluebird Supply Inc.
90248,90717,Neon Outdoors Co.
90502,90189,Cobalt Beverage LLC
90001,90011,Bluebird Apparel Co.
90026,90087,Cobalt Outdoors LLC
90023,94111,Evergreen Trading Inc.
90710,60007,Neon Trading Inc.
91343,91352,Acme Beauty Holdings
28610,90018,Quantum Apparel Ltd.
90015,60649,Bluebird Home Co.
43232,50111,Atlas Brands Group
41011,30253,Tylers2520
28078,91326,Vertex Home Co.
90291,95965,Quantum Electrics Co.
90093,90080,Vertex Gadgets Group
90019,91406,Mercury Supply Group
90030,90732,Atlas Electrics LLC
91731,89512,88 Special Sweet
91303,60469,Bluebird Home Ltd.
41011,77066,Atlas Electrics Group
30067,07014,Apex Gadgets LLC
90036,90034,Quantum Outdoors Ltd.
08854,75035,Soul Foods India LLC
91306,91303,Neon Kitchen Group
10307,45242,Prime Gadgets Holdings
92337,90002,Atlas Beverage Group
33178,41011,Sierra Gadgets LLC
43232,89511,57NorthPlank
91436,80203,Mercury Gadgets Co.
90620,92120,Fitzmark
91326,90053,Cobalt Labs LLC
30340,90055,Atlas Beverage Co.
95340,17057,Vertex Logistics LLC
77049,60035,Bluebird Home Inc.
94010,91367,Quantum Pets Holdings
94401,90057,Cobalt Outdoors Ltd.
91364,91607,Orbit Outdoors Co.
90085,98188,Fusion Outdoors Co.
91403,20794,Sierra Beverage Group
94010,90230,Pioneer Wellness Holdings
91325,60035,Quantum Beauty Co.
91745,90043,Prime Kitchen Co.
90010,77379,Apex Goods LLC
90732,90051,Bluebird Kitchen Holdings
91342,91356,Mercury Electrics LLC
34602,91367,Mercury Supply Group
91402,91745,Pioneer Beverage Holdings
33624,33126,Quantum Textiles Ltd.
90040,90265,Cobalt Apparel Co.
85042,85714,Bluebird Home Co.
90055,07801,Harbor Home Holdings
91335,94010,Evergreen Labs Holdings
91325,80206,Cobalt Apparel LLC
90018,89512,Polar Kitchen Holdings
91608,90014,Orbit Goods Ltd.
90232,29407,Mercury Gadgets LLC
90291,90004,Nimbus Beverage LLC
90099,90087,Harbor Retail Ltd.
60469,90402,Quantum Beauty Holdings
80209,92337,Bluebird Goods Inc.
77049,48180,Summit Kitchen Co.
90074,77064,Atlas Labs Inc.
90093,90076,Vertex Textiles Inc.
91042,07801,Nimbus Goods Inc.
77049,90068,Northstar Supply Holdings
77379,80301,Self
90034,90066,Quantum Kitchen Ltd.
90040,90005,Summit Gadgets LLC
90082,90019,Northstar Retail LLC
90501,60469,Summit Electrics LLC
91352,88047,Harbor Pets Ltd.
90082,90044,Cobalt Goods Inc.
85042,91731,Vertex Textiles Group
91910,41011,Polar Retail Ltd.
90028,90021,Harbor Beauty Co.
91605,80220,Harbor Foods Inc.
91364,80301,Acme Brands Group
29407,91206,Acme Retail Co.
28206,91740,KEMP USA LLC
90054,91205,Prime Home Group
91745,33166,Z&J Sunshine Trading LLC
60035,33020,Polar Foods Ltd.
91731,91504,Polar Trading Holdings
90810,90002,Mercury Beauty Inc.
90081,90078,Nimbus Kitchen Holdings
80209,90043,Northstar Labs Inc.
94706,77479,Pioneer Gadgets Holdings
