name,origin,destination
Consultant,60035,77479
Doersbiz.com,08901,28610
Upward Projects,85012,78704
LYMERTIN COMPANY INC,10307,33020
Bevmo,94706,94530
Bevmo,94706,94530
Bevmo,94706,94530
Valley auto Parts and Engines,95340,91352
UCAN,17011,17057
"California Spice Basket, Inc.",91722,94010
Soul Foods India LLC,08830,75035
Soul Foods India LLC,08830,75035
Marconi Brothers,85304,34602
Marconi Brothers,85304,34602
Valley Auto Parts & Engines,60649,91352
United Nations Agent Representative,95965,95965
United Nations Agent Representative,95965,95965
Armands Discount,90232,90068
Armands Discount,90232,90068
Zafill Distribution,33073,37203
Angie’s shoes,08065,78045
Angie’s shoes,08065,78045
Angies Shoe Inc,08065,78045
Eco Duna,76120,90034
KTX Home,77493,27519
Marconi Brothers,85304,34602
Peter,76120,90034
MGI,91803,11207
Universal-BACH,91030,90021
LA VAPOR WHOLESALE INC,77086,07801
"Altitude Logistics, Inc.",80206,07086
"Altitude Logistics, Inc.",80203,98188
Audio Gate,92675,92154
Audio Gate,92675,92154
SEA TRADE INTERNATIONAL,76520,44406
Treadmill Outlet,94401,33624
Treadmill Outlet,94401,33624
Frankly Fulfillment LLC,45242,48917
Altitude Logistics,80228,48180
Ashlilirb,76210,94109
redPen,20024,85042
Runners LLC,90802,33178
Ashlili,76210,94111
"CCL, USA",20794,33612
Stc worldwide,90045,85714
Z and J Trading Sunshine LLC,91748,71601
Coka Specialty Products,28078,11803
Coka Specialty Products,28078,11803
Elogistek LLC,92337,70604
Fitzmark,90620,92120
Altitude Logistics,80220,29407
Altitude Logistics,80220,48180
Altitude Logistics,80220,70403
Crystal Wholesale Inc,90058,78717
soonest express,91748,80022
The Fruitful Grind,07014,60611
AMASS GLOBAL NETWORK US INC,90501,33126
Express Logistics,28105,50111
PaleoLeb,08902,80020
PaleoLeb,08902,80020
Self,77379,80301
Soul Foods India LLC,08854,75035
Vertex Solutions,60469,33178
Flexirocks,77049,77054
88 Special Sweet,91731,89512
Doers LLC,08901,28610
"Dreamiful, LLC",18914,18447
Galide LLC,65201,77064
ACI,60007,92408
BN FL LLC,11753,33314
Takari International Inc,91761,30340
Tea Land Boba,91768,91910
KEMP USA LLC,28206,91740
Takari International Inc,91761,30340
Tea Land Boba Factory Inc,91768,91910
57NorthPlank,43232,80220
AZ Premier Event Solutions LLC,40209,85009
Bimini Hydrotherapy,77066,37203
mparham llc,46228,43210
Takari International,91761,33023
Z and J Trading Sunshine LLC,91745,90240
Z&J Sunshine Trading LLC,91745,33166
Z&J Sunshine Trading LLC,91745,33166
57NorthPlank,43232,80220
57NorthPlank,43232,89511
Z and J Trading Sunshine LLC,91745,33166
Arctic Supplies,33782,60165
Gagucho Automation Inc,88047,60173
Gagucho Automation inc,88047,60173
C & L Logistics,46140,80209
Home and Kids Co.,30067,90046
Home and Kids Co.,30067,90046
Testing Company,12121,23232
Tylers2520,41011,30253